Area,Period,Text
Варна,от 05.08.2024 г. до 09.08.2024 г. В периода 08:30 ч. до 17:00 ч.,"Поради извършване на неотложни ремонтни дейности на съоръженията за доставка на електроенергия , ще бъде прекъснато електрозахранването в районите на: с. Крумово – кв. Пясъчник, клиентите, електрозахранени от МТП 2 Пясъчник
Публикувано на 01.08.2024 11:34"
Варна,от 05.08.2024 г. до 09.08.2024 г. В периода 09:00 ч. до 16:00 ч.,"Поради извършване на неотложни ремонтни дейности на съоръженията за доставка на електроенергия , ще бъде прекъснато електрозахранването в районите на: с. Белоградец - клиентите, електрозахранени от ТП 4. Ще се редува поетапно изключване на отделни клонове от мрежа НН, така че да не се лишават от електрозахранване всички клиенти
Публикувано на 02.08.2024 13:35"
Варна,от 08.08.2024 г. до 09.08.2024 г. В периода 09:00 ч. до 17:00 ч.,"Поради извършване на обслужване на съоръженията за доставка на електроенергия , ще бъде прекъснато електрозахранването в районите на: с. Петров дол, гр. Провадия – бензиностанция АТОЛ, ПГСС Земя, електрозахранени от ТП 40 .
Временни смущения в електрозахранването са възможни от 09:00 ч. до 11:00 ч. и от 15:00 ч. до17:00 ч. в районите на гр. Девня, с. Габърница и с. Староселец
Публикувано на 02.08.2024 14:47"
Варна,На 09.08.2024 г. В периода 09:00 ч. до 16:00 ч.,"Поради извършване на неотложни ремонтни дейности на съоръженията за доставка на електроенергия , ще бъде прекъснато електрозахранването в районите на: с. Калиманци, с. Изгрев – клиентите, електрозахранени от ТП 1 .
Временни смущения в електрозахранването са възможни от 09:00 ч. до 16:00 ч. в районите на с. Кипра, с. Чернево, с. Просечен, с. Левски, с. Изгрев
Публикувано на 02.08.2024 13:41"
Варна,На 09.08.2024 г. В периода 09:00 ч. до 17:00 ч.,"Поради извършване на обслужване на съоръженията за доставка на електроенергия , ще бъде прекъснато електрозахранването в районите на: гр. Девня, кв. Повеляново - бул. Съединение, ул. Славянска, ул. Ал. Стамболийски, ул. Македония, ул. Мусала, ул. Стара планина, ул. Стария бряст, ул. Странджа, ул. Търново, електрозахранени от ТП 8 Повеляново
Публикувано на 02.08.2024 14:47"
Варна,На 09.08.2024 г. В периода 08:30 ч. до 17:00 ч.,"Поради извършване на обезопасяване на съоръженията за доставка на електроенергия , ще бъде прекъснато електрозахранването в районите на: гр. Варна - м-ст Малка Чайка, захранени от ТП 610 .
Временни смущения в електрозахранването са възможни от 08:30 ч. до 17:00 ч. в районите на в м-ст Орехчето, м-ст Малка Чайка
Публикувано на 05.08.2024 17:08"
Варна,На 09.08.2024 г. В периода 08:30 ч. до 17:00 ч.,"Поради извършване на неотложни ремонтни дейности на съоръженията за доставка на електроенергия , ще бъде прекъснато електрозахранването в районите на: с. Зорница захр. от МТП 2 Зорница, обл.Варна
Публикувано на 06.08.2024 10:00"
Варна,На 09.08.2024 г. В периода 08:30 ч. до 17:00 ч.,"Поради извършване на неотложни ремонтни дейности на съоръженията за доставка на електроенергия , ще бъде прекъснато електрозахранването в районите на: Гр.Варна, м-ст Пчелина, м-ст Сълзица ул. Прасковка, ул.Ръж, ул.Лале, ул.Гергина и част от ул.Прилеп; Стопански абонати: ОДЕСОССТРОЙ ООД , МОНА СТИЛ ЕООД , БОНИТА ЕФЕКТ ЕООД СВЕЖЕН ЕООД , ПАЛОМА КОМ ЕООД , ПЕРФЕКТ ООД , СПРИНТ-2000 ЕООД
Публикувано на 06.08.2024 12:24"
Варна,от 09.08.2024 г. до 12.08.2024 г. В периода 09:00 ч. до 17:00 ч.,"Поради извършване на обслужване на съоръженията за доставка на електроенергия , ще бъде прекъснато електрозахранването в районите на: гр. Провадия, ул. Сливница, ул. Янко Сакъзов, ул. Д-р Марко Сапарев, ул. Димитър Чивгънов, ул.Опълченска, ул. Дунав.
Публикувано на 06.08.2024 16:48"
Велико Търново,от 08.08.2024 г. до 09.08.2024 г. В периода 08:00 ч. до 16:00 ч.,"Поради извършване на обслужване на съоръженията за доставка на електроенергия , ще бъде прекъснато електрозахранването в районите на: гр. Велико Търново: м-ст Дълга Лъка, фирмите „АК ПЛАСТРОНИК АД“
Публикувано на 30.07.2024 14:08"
Велико Търново,от 08.08.2024 г. до 09.08.2024 г. В периода 09:00 ч. до 16:30 ч.,"Поради извършване на неотложни ремонтни дейности на съоръженията за доставка на електроенергия , ще бъде прекъснато електрозахранването в районите на: община Павликени: с. Д. Липница – ТП 7
Публикувано на 05.08.2024 11:34"
Велико Търново,На 09.08.2024 г. В периода 15:00 ч. до 16:00 ч.,"Поради извършване на обслужване на съоръженията за доставка на електроенергия , са възможни смущения на електрозахранването в районите на: гр. Велико Търново: м-ст Дълга Лъка, фирмите „НЕМЦОВ ООД“, „Л-С-КОМЕРС ООД“, „ЕКО ФЕНИКС ЕООД“
Публикувано на 30.07.2024 15:07"
Габрово,от 05.08.2024 г. до 09.08.2024 г. В периода 08:30 ч. до 16:00 ч.,"Поради извършване на неотложни ремонтни дейности на съоръженията за доставка на електроенергия , ще бъде прекъснато електрозахранването в районите на: Община Севлиево – с. Делък
Публикувано на 31.07.2024 16:25"
Габрово,На 09.08.2024 г. В периода 09:00 ч. до 14:00 ч.,"Поради извършване на неотложни ремонтни дейности на съоръженията за доставка на електроенергия , ще бъде прекъснато електрозахранването в районите на: Община Севлиево – с. Кръвеник (абонатите захранени от ТП 1 и ТП 3)
Публикувано на 31.07.2024 16:25"
Габрово,На 09.08.2024 г. В периода 08:30 ч. до 13:00 ч.,"Поради извършване на неотложни ремонтни дейности на съоръженията за доставка на електроенергия , ще бъде прекъснато електрозахранването в районите на: Гр. Севлиево – ул. „Бенковска“ (1,2), ул. „Велчо Ночев“ (8), ул. „Иван Преснаков“, ул. „Кирил и Методий“ (10), ул. „Марица“, ул. „Стара Планина“ (22-45), ул. „Стойчо Часовникаров“ (0,1,2), ул. „Христо Спиридонов“ (20-26)
Публикувано на 31.07.2024 16:25"
Габрово,На 09.08.2024 г. В периода 13:00 ч. до 16:00 ч.,"Поради извършване на обслужване на съоръженията за доставка на електроенергия по искане на ЕСО, ще бъде прекъснато електрозахранването в районите на: гр.Габрово: ул.8-ми март №1, 2, 4, 6, 8, 9, 10, 12, 14, 15, 16, 17, 18, 19, 20, 22, 23, 24, 25, 26, 28, 30, 33, 35, 36, 37, 38, 39, 40, 41, 43, 44, 46, 47, 48, 53, 55, 56, 57, 64, 66 и 68, ул.Бистра №1, ул.Букет №4, 6 и 8, ул.Зелен бряг №12, 14, 17 и 21, ул.Златна роза №4, ул.Надежда, ул.Смели хора, ЕТ ЕКСПРЕС - ЙОРД.ВЕЛЕВА, ЕТ КАЛИФОРНИЯ - М.МИЛАНОВА, НОВ СВЯТ - ТАО ЕООД, СД ДЕР-ГА - МАКС, РЕЗВАЯ СТРОЙ ЕООД, ул.Криволак №2, 3, 15, 20, 27 и 29, ул.Мир №6, 8, 10, 12, 13, 14, 15, 16, 17, 18, 19, 20, 21, 23, 25, 26, 27, 28, 29, 31, 33, 35, 37, 39, 41, 44, 45, 46, 47 и 49, ул.Моневци №11, 22, 30, 31 и 38, ул.Плодородие №1, 2 и 12, ул.Съревнование 1, 3, 5 и 7, ЕТ СТОЙНО ГЕОРГИЕВ, ЕТ ОЧКОВ ВЕСЕЛИН ОЧКОВ, ул.Градище №4, 6 и 8, ул. Гурко №21, ул.Любен Каравелов №46, ул.Петър Берон №10, 12, 18 и 19, ул.Хан Крум №15, 21, 23, 25, 27, 35, 42, 44, 46, 48, 50, 52, 54, 56 и 58, ул.Любен Каравелов №24 и 26, ИНТЕРНЕШЪНЪЛ АСЕТ БАНК АД, ВИПИМЕКС ООД, ГАМА ИНЖЕНЕРИНГ ГАБРОВО ООД, ГАРМЪНТ ФАКТОРИ ЕООД, ДИ ЕЙЧ ЕЛ ЕКСПРЕС Б-Я ЕООД, ЕКО ПРОЕКТ ООД, ЕТ ВЕСПА - В. ВАСИЛЕВ, ЗГПУ ГРУП ООД, КРЕДО-ЗМ ООД, СТЕКСИ ООД, ФРЕЗЕНИУС МЕДИКЪЛ КЕЪР БЪЛГАРИЯ ЕООД, ХЕРОС ЕООД, ул.Александър Керков №36, 38, 40, 45, 47, 49, 52, 53, 54, 55, 56, 57, 58 и 59, ул.Иван Димов №4 и 6, ул.Луна №1, 2, 3, 4, 5, 6, 7 и 8, ул.Роден край №20, 22, 24, 26, 28, 30, 39, 41, 43, 45, 47 и 49, ЕТ ХИЯДИ-ЦАНКОВ, СД ИЛВА-РУСЕВИ И СИЕ, БУМЕРАНГ ФМ ЕООД, ул.Андреево №1, 2, 3, 4, 5, 6, 7, 8, 9, 10, 11, 12, 14, 15, 16, 17 и 18, ул.Градище №9, 11, 13, 15, 17, 18, 19, 20, 21, 22, 24, 25, 27, 28, 29, 30, 31, 32, 33, 34, 38, 39, 40, 41, 42, 43 и 51, ул.Иван Димов №30, 32, 34, 36 и 38, ул.Острец №4, 7, 8, 9, 14, 16, 20 и 22, ЕТ ГАЛИНА МЕТОДИЕВА, ЕТ СВЕТЛА КОЛЕВА, СД ПИМСА ЖАНЕТА МАРИНОВА
Публикувано на 01.08.2024 09:39"
Габрово,На 09.08.2024 г. В периода 08:30 ч. до 16:00 ч.,"Поради извършване на строителни ремонти на съоръженията за доставка на електроенергия , ще бъде прекъснато електрозахранването в районите на: град Севлиево: ул.Марин Попов (64,66,98,0) – Георги Чолаков-склад, ЕТ Балди, Бриз-95 ООД, Виктор мебел ООД, Крама ООД, Блайв-Благой Байкалов, Асат ООД.
Публикувано на 01.08.2024 15:51"
Габрово,На 09.08.2024 г. В периода 08:30 ч. до 16:30 ч.,"Поради извършване на неотложни ремонтни дейности на съоръженията за доставка на електроенергия , са възможни смущения на електрозахранването в районите на: Община Габрово – с.Съботковци; с.Гаревци(част от абонатите захранени от КТП Лесичарка); с.Раховци(част от абонатите захранени от КТП Лесичарка); ПТГ Д-Р НИКОЛА ВАСИЛИАДИ-СПОРТНА БАЗА; гр.Габрово – ул. „8-ми Март“ №24В; ул. „Панорамна“ №6,14Б; ПЕТЪР КОЛЕВ 2012 ООД; Община Трявна – с.Стръмци; гр.Севлиево – м-ст Крушевски баир(част от абонатите захранени от БКТП Вилна зона Север 3 С-во); ул. „Бр.Бъкстон“ №3Б; ул. „Бригадирска“ №17,20; ул. „Дунав“ №9,11,15,19; ул. „Симеон Велики“ №20; ул. „Стамболийски“ №16; ул. „Хаджи Ангел“ №1
Публикувано на 02.08.2024 12:04"
Добрич,от 05.08.2024 г. до 09.08.2024 г. В периода 09:00 ч. до 16:00 ч.,"Поради извършване на неотложни ремонтни дейности на съоръженията за доставка на електроенергия , ще бъде прекъснато електрозахранването в районите на: част от село Батово - част от: ул. Главна, ул. Трета, ул. Четвърта и част от техните пресечни
Публикувано на 31.07.2024 12:52"
Добрич,от 05.08.2024 г. до 09.08.2024 г. В периода 09:00 ч. до 17:00 ч.,"Поради извършване на неотложни ремонтни дейности на съоръженията за доставка на електроенергия , ще бъде прекъснато електрозахранването в районите на: с. Козлодуйци, с. Лясково, с. Камен, с. Житница, с. Тянево, с. Пчелник, с. Черна, гр. Добрич; ЗП ЗДРАВКО ЛЮБЕНОВ ИВАНОВ, ДНД РЕНТ ЕООД, ЕКОСТРОЙ АД, ВОДОСНАБДЯВАНЕ И КАНАЛИЗАЦИЯ ООД
Публикувано на 31.07.2024 15:26"
Добрич,от 05.08.2024 г. до 09.08.2024 г. В периода 09:00 ч. до 17:00 ч.,"Поради извършване на неотложни ремонтни дейности на съоръженията за доставка на електроенергия , ще бъде прекъснато електрозахранването в районите на: с. Врачанци, с. Росеново, с. Божурово, с. Овчарово, с. Ломница, с. Сливенци, гр. Добрич; БУЛГАРТРАНСГАЗ ЕАД
Публикувано на 31.07.2024 15:25"
Добрич,от 05.08.2024 г. до 09.08.2024 г. В периода 09:00 ч. до 17:00 ч.,"Поради извършване на неотложни ремонтни дейности на съоръженията за доставка на електроенергия , ще бъде прекъснато електрозахранването в районите на: с. Паскалево, гр. Добрич; САВИМЕКС ООД, ПЕТРОЛ АД, ДОБРИЧКА ГАЗОВА КОМПАНИЯ ООД, ГРАДСКИ ТРАНСПОРТ ДОБРИЧ ЕООД, АГРОХИМИКАЛИ ООД, КОРН БЪЛГАРИЯ АД, ТОПЛИВО АД; БИО ООД, ДАНЧИК ЕООД, ЗК ВЪЗРАЖДАНЕ
Публикувано на 31.07.2024 16:24"
Добрич,от 05.08.2024 г. до 09.08.2024 г. В периода 09:00 ч. до 17:00 ч.,"Поради извършване на неотложни ремонтни дейности на съоръженията за доставка на електроенергия , ще бъде прекъснато електрозахранването в районите на: с. Северци, с. Лозенец, с. Черна, с. Крагулево
Публикувано на 31.07.2024 16:24"
Добрич,от 05.08.2024 г. до 09.08.2024 г. В периода 09:00 ч. до 17:00 ч.,"Поради извършване на неотложни ремонтни дейности на съоръженията за доставка на електроенергия , ще бъде прекъснато електрозахранването в районите на: с. Земенци, с. Загорци, с. Добрево, с. Свобода
Публикувано на 31.07.2024 16:24"
Добрич,от 05.08.2024 г. до 09.08.2024 г. В периода 08:30 ч. до 16:30 ч.,"Поради извършване на неотложни ремонтни дейности на съоръженията за доставка на електроенергия , са възможни смущения на електрозахранването в районите на: Село Българево – ул. „Първа“ ; ул. „Втора“ ; ул. „Трета“ ; ул. „Четвърта“ ; ул. „Шеста“ ; ул. „Седма“ ; ул. „Дванадесета“ ; ул. „Тринадесета“ ; ул. „Шестнадесета“ ; ул. „Двадесета“ ; ул. „Двадесет и четвърта“ ; ул. „Тридесет и пета“ ; ул. „Тридесет и шеста“; Град Каварна – ул. „Искър“ – 5; ул. „Васил Левски“ – 28, 30, 31, 61; ул. „Христо Смирненски“ – 50; ул. „Янтра“ – 6, 8; Село Камен бряг – ул. „Пета“ ; ул. „Девета“ ; ул. „Единадесета“; Село Могилище – ул. „Първа“ ; ул. „Втора“ ; ул. „Трета“ ; ул. „Пета“ ; ул. „Осма“; Село Свети Никола – ул. „Първа“ ; ул. „Втора“. Смущенията на електрозахранването ще бъдат в рамките на около 30 минути.
Публикувано на 01.08.2024 09:47"
Добрич,от 05.08.2024 г. до 09.08.2024 г. В периода 08:30 ч. до 16:30 ч.,"Поради извършване на неотложни ремонтни дейности на съоръженията за доставка на електроенергия , са възможни смущения на електрозахранването в районите на: град Ген. Тошево – ул. „Антон Страшимиров“ – 4, 7, 8, 9, 14; ул. „Йордан Йовков“ – 8; ул. „Васил Левски“ – 12, 13, 14, 26, 34, 118; ул. „Опълченска“ – 6, 10; ул. „Дора Габе“ – 2; ул. „Иван Вазов“ – 11, 15, 18, 24; ул. „П. Петков“ – 26, 38; ул. „Патриарх Евтимий“ – 20, 29, 35, 40, 41, 44; ул. „3 – ти март“ – 21, 23, 25, 29; ул. „Цвятко Радойнов“ - 8. Смущенията на електрозахранването ще бъдат в рамките на около 30 минути.
Публикувано на 01.08.2024 09:47"
Добрич,от 05.08.2024 г. до 09.08.2024 г. В периода 08:30 ч. до 16:30 ч.,"Поради извършване на неотложни ремонтни дейности на съоръженията за доставка на електроенергия , са възможни смущения на електрозахранването в районите на: град Балчик – местност „Белите скали“ ; местност „Изгрев“ ; местност „Момчил дере“ ; местност „Овчаровски плаж“ ; местност „Разкопки“ ; местност „Сборно място“ ; местност „Фиш – Фиш“ ; местност „Кулака“ ; ул. „Албена“ – 1 Вх. А, Б; ж. к „Балик“ – 34, 35, 36, 39, 40; ул. „Гео Милев“ – 8; ул. „Желязко Бончев“ – 4; ул. „Д-р Иван Пенаков“ – 11; ул. „Пейо Яворов“ – 13; ул. „Самара“ – 7; ул. „Славянска“ – 18; ул. „Черно море“ – 83, 89, 115. Смущенията на електрозахранването ще бъдат в рамките на около 30 минути.
Публикувано на 01.08.2024 09:48"
Добрич,от 05.08.2024 г. до 09.08.2024 г. В периода 08:30 ч. до 16:30 ч.,"Поради извършване на неотложни ремонтни дейности на съоръженията за доставка на електроенергия , са възможни смущения на електрозахранването в районите на: гр. Добрич – ул. „8-ми март“ – 6; ул. „Аврора“ – 3, 29, 31; ул. „Алеко Константинов“ – 1; ул. „Армейска“ – 34; ул. „Баба Парашкева“ – 16, 17, 19, 21, 22, 23, 24, 25, 27, 28, 31, 33; ул. „Баба Тонка“ – 47; ж. к „Балик“ – 20 вх. А, Б, В, Г, Д, Е; ж. к „Балик“ – 21 вх. Б, В, Д, Е; ж. к „Балик“ – 24 вх. А, Б, В, Г, Д, Е; ж. к „Балик“ – 45 вх. А, В, Г; ж. к „Балик“ – 46 вх. А, Б, В, Г; ж. к „Балик“ – 63 вх. Б, В; ул. „Балкан“ – 2, 19; ул. „Бачо Киро“ – 9, 11, 13, 29; ул. „Белмекен“ – 18; ул. „Бяла река“ – 18, 20, 24, 26; ул. „Вардар“ – 75, 77, 81, 88, 90, 92; ул. „Вежен“ – 15; ул. „Велико Търново“ – 10, 21, 33, 50; ул. „Вица Попова“ – 1; ул. „Гривица“ – 13, 17; ул. „Димитър Ковачев“ – 4, 6, 17, 19, 25, 27, 43, 44, 45, 46, 51, 53, 55, 60, 62, 66, 68; ж. к „Добротица“ – 7 вх. А, Б; ж. к „Добротица“ – 19 вх. А; ж. к „Добротица“ – 27 вх. А; ж. к „Добротица“ – 32 вх. А, В; ж. к „Добротица“ – 35 вх. А, Б; ж. к „Добротица“ – 40 вх. А; ж. к „Добротица“ – 68; ул. „Драва“ – 12, 15, 19, 27, 68; ж. к „Дружба“ – 3; ул. „Загоре“ – 25; ул. „Захари Стоянов“ – 49 вх. Б, В; 53 вх. А; ул. „Иван Георгиев“ – 28 вх. А, Б; ул. „Иван Шишман“ – 27, 44; ул. „Иларион Макариополски“ – 39, 44; ул. „Калиакра“ – 9, 25, 40, 42; ул. „Кап. Д. Списаревски“ – 47; ул. „Кирил и Методий“ – 32 вх. А, Б; ул. „Кубадин“ – 5, 7; ул. „Маргарита“ – 2, 6, 8, 10, 12; ул. „Михаил Андреев“ – 1, 3, 5, 7, 9, 11, 13; ул. „Митко Палаузов“ – 6, 7, 9, 12, 13; ул. „Надежда“ – 1, 2, 20; ул. „Опълченска“ – 51, 52, 57; ул. „Преслав“ – 8; ул. „Родопи“ – 3, 8, 13; ул. „Росица“ – 14, 16, 24; бул. „Русия“ – 124, 142, 158, 160, 170, 190; ул. „Сан Стефано“ – 1, 14; ул. „Софроний Врачански“ – 10, 16; ул. „Суха река“ – 14, 17; ул. „Теменуга“ – 12, 50; ул. „3 – ти март“ – 16 вх. А, Б; 20; ул. „Хаджи Димитър“ – 66; ул. „Хан Тервел“ – 128; ул. „Христо Ботев“ – 8, 16, 20, 22, 33, 35, 45; ул. „Чайка“ – 22, 30, 32, 34, 46; ул. „Чая“ ; ул. „Черно море“ – 1, 23, 31, 37. Смущенията на електрозахранването ще бъдат в рамките на около 30 минути.
Публикувано на 01.08.2024 09:50"
Добрич,от 05.08.2024 г. до 09.08.2024 г. В периода 08:30 ч. до 17:00 ч.,"Поради извършване на неотложни ремонтни дейности на съоръженията за доставка на електроенергия , ще бъде прекъснато електрозахранването в районите на: с. Крупен
Публикувано на 01.08.2024 13:16"
Добрич,от 05.08.2024 г. до 09.08.2024 г. В периода 08:30 ч. до 17:00 ч.,"Поради извършване на неотложни ремонтни дейности на съоръженията за доставка на електроенергия , ще бъде прекъснато електрозахранването в районите на: гр. Каварна: ул. „Васил Левски“; ул. „Георги Сотиров“; ул. „Сава Ганчев“; ул. „Христо Ботев“; ул. „Христо Смирненски“; ул. „Максим Горки“; ул. „Георги Бенковски“
Публикувано на 01.08.2024 14:01"
Добрич,от 05.08.2024 г. до 09.08.2024 г. В периода 08:30 ч. до 17:00 ч.,"Поради извършване на неотложни ремонтни дейности на съоръженията за доставка на електроенергия , ще бъде прекъснато електрозахранването в районите на: с. Чунчево
Публикувано на 01.08.2024 14:02"
Добрич,от 07.08.2024 г. до 09.08.2024 г. В периода 08:30 ч. до 17:00 ч.,"Поради извършване на неотложни ремонтни дейности на съоръженията за доставка на електроенергия , ще бъде прекъснато електрозахранването в районите на: с. Могилище
Публикувано на 01.08.2024 14:38"
Добрич,На 09.08.2024 г. В периода 08:00 ч. до 17:00 ч.,"Поради извършване на неотложни ремонтни дейности на съоръженията за доставка на електроенергия , ще бъде прекъснато електрозахранването в районите на: с. Рогозина
Публикувано на 06.08.2024 10:43"
Разград,от 06.08.2024 г. до 09.08.2024 г. В периода 08:30 ч. до 16:30 ч.,"Поради извършване на неотложни ремонтни дейности на съоръженията за доставка на електроенергия , ще бъде прекъснато електрозахранването в районите на: с. Драгомъж, чужди трафопостове: ТП ""Кариера Драгомъж"", ТП ""Овчарници Драгомъж"" .
Временни смущения в електрозахранването са възможни от 08:30 ч. до 16:00 ч. в районите на с. Малък Поровец, Воден - резерват, трафопостове : ТП 1 Драгомъж , ТП 1 Малък Поровец , ТП 2 Малък Поровец , ТП 3 Малък Поровец, чужди трафопостове: ПС ""Драгомъж"", ПС ""Малък Поровец"", БКТП ""Бен дор"", ПС ""Воден"", ТП ""Ловен дом""
Публикувано на 01.08.2024 11:31"
Разград,от 06.08.2024 г. до 09.08.2024 г. В периода 09:00 ч. до 16:30 ч.,"Поради извършване на неотложни ремонтни дейности на съоръженията за доставка на електроенергия , ще бъде прекъснато електрозахранването в районите на: с. Просторно, ТП 1 и улици: “Дунав“, “Никола Вапцаров“, „Чавдар войвода“, „Стара планина“, „Хаджи Димитър“, “Борисова“, “Гео Милев“, “Ангел Гецов“, „Антон Страшимиров“, „Баба Тонка“
Публикувано на 02.08.2024 13:26"
Разград,от 07.08.2024 г. до 09.08.2024 г. В периода 09:00 ч. до 16:30 ч.,"Поради извършване на неотложни ремонтни дейности на съоръженията за доставка на електроенергия , ще бъде прекъснато електрозахранването в районите на: с. Медовене, улици: ""Захари Стоянов"", ""Софроний Врачански"", ""Хан Кубрат"", ""Струма"", ""Димчо Дебелянов"", част от ""Лудогорие"", част от ""Преслав""
Публикувано на 01.08.2024 15:51"
Разград,от 08.08.2024 г. до 09.08.2024 г. В периода 09:00 ч. до 16:30 ч.,"Поради извършване на неотложни ремонтни дейности на съоръженията за доставка на електроенергия , ще бъде прекъснато електрозахранването в районите на: с. Раковски, ТП 1 и улици: ""Найден Киров"", ""Шипка"", ""Пирин"", ""Черно Море"", ""Марица"", ""Чудомир"", ""Чавдарци"", ""Родопи"", ""Места"", ""Люлин"", ""Митко Палаузов"", ""Огоста"", ""Иван Козарев"", ""Г. С. Раковски"", ""Д. Чинтулов"", ""Бачо Киро"", ""Маршал Жуков"", ""В. Петлешев"", ""Плиска"", ""Найден Киров"", ""1-ви Май"", ""Ален Мак"", ""Струма"", ""Мусала"", ""Странджа""
Публикувано на 02.08.2024 13:36"
Разград,На 09.08.2024 г. В периода 09:00 ч. до 16:30 ч.,"Поради извършване на неотложни ремонтни дейности на съоръженията за доставка на електроенергия , ще бъде прекъснато електрозахранването в районите на: с. Костанденец, улици: “Иван Вазов“, “Алеко Константинов“, „Витоша“, “Д.Чинтулов“, „Д-р Петър Берон“, “В. Левски“, “Гоце Делчев“, “Дондуков“, „Абритус“, „Братя Миладинови“
Публикувано на 06.08.2024 16:39"
Русе,от 05.08.2024 г. до 09.08.2024 г. В периода 08:30 ч. до 16:30 ч.,"Поради извършване на неотложни ремонтни дейности на съоръженията за доставка на електроенергия , ще бъде прекъснато електрозахранването в районите на: с. Сандрово, захранените от ТП ""СОМАТ"" на улиците: „Ангел Кънчев“, „Бузлуджа“, „Георги Бенковски“, „Панайот Волов“, „Панайот Хитов“, „Розова долина“, „Христо Ботев“, включително кабелни оператори за ТВ и данни, помпени станции на „Водоснабдяване“, ВЕИ и базови станции на мобилни оператори, намиращи се на територията на посоченoтo населено място и улици
Публикувано на 30.07.2024 14:06"
Русе,На 09.08.2024 г. В периода 09:00 ч. до 15:00 ч.,"Поради извършване на неотложни ремонтни дейности на съоръженията за доставка на електроенергия , ще бъде прекъснато електрозахранването в районите на: гр. Мартен, БКТП 15, улиците: „СВ.СВ. Кирил и Методий“, „Мизия“, „Страхил войвода“, „Тулча“, „Ясна поляна“, включително кабелни оператори за ТВ и данни, помпени станции на „Водоснабдяване“, ВЕИ и базови станции на мобилни оператори, намиращи се на територията на посоченoтo населено място и улици
Публикувано на 06.08.2024 11:45"
Силистра,от 08.08.2024 г. до 09.08.2024 г. В периода 09:00 ч. до 16:30 ч.,"Поради извършване на неотложни ремонтни дейности на съоръженията за доставка на електроенергия , са възможни смущения на електрозахранването в районите на: с. Кайнарджа
Публикувано на 30.07.2024 09:44"
Търговище,от 05.08.2024 г. до 09.08.2024 г. В периода 09:00 ч. до 17:00 ч.,"Поради извършване на неотложни ремонтни дейности на съоръженията за доставка на електроенергия , ще бъде прекъснато електрозахранването в районите на: с. Малка Черковна (СТП-1), общ. Антоново
Публикувано на 01.08.2024 09:47"
Търговище,от 06.08.2024 г. до 09.08.2024 г. В периода 08:30 ч. до 16:30 ч.,"Поради извършване на обезопасяване на съоръженията за доставка на електроенергия , ще бъде прекъснато електрозахранването в районите на: с. Александрово, общ. Търговище
Публикувано на 01.08.2024 11:23"
Търговище,На 09.08.2024 г. В периода 09:00 ч. до 14:30 ч.,"Поради извършване на неотложни ремонтни дейности на съоръженията за доставка на електроенергия , ще бъде прекъснато електрозахранването в районите на: с. Горен Крушолак, с. Долен Крушолак, с. Великовци, с. Слънчовец, с. Старчище, с. Стеврек, с. Черна вода, с. Равно село, с. Стройновци, с. Чеканци, МТТ Мтел Чеканци, МТТ Виваком Стеврек - общ. Антоново .
Временни смущения в електрозахранването са възможни от 09:00 ч. до 10:00 ч. и от 12:00 ч. до14:30 ч. в районите на с. Вельово, с. Таймище, с. Милино, с. Глашатай, с. Свирчево, ПС Кънино - общ. Антоново и МТП ""Глобул"" с. Илийно, с. Илийно, МТП ""Язовира"", ПС ""Камбурово"", с. Птичево (ТП-1 и ТП-2), с. Царевци, с. Средище, с. Слънчево, МТП ""Слънчево"", МТП ""Ловна хижа"", с. ""Горско село"", с. Змейно - общ. Омуртаг
Публикувано на 01.08.2024 09:48"
Търговище,На 09.08.2024 г. В периода 08:30 ч. до 15:00 ч.,"Поради извършване на неотложни ремонтни дейности на съоръженията за доставка на електроенергия , ще бъде прекъснато електрозахранването в районите на: МТП ""Лозята"", с. Горна Хубавка, с. Долна Хубавка, с. Панайот Хитово, с. Росица - общ. Омуртаг
Публикувано на 02.08.2024 09:03"
Търговище,На 09.08.2024 г. В периода 08:40 ч. до 09:30 ч. и от 15:30 ч. до 16:30 ч.,"Поради извършване на неотложни ремонтни дейности на съоръженията за доставка на електроенергия , ще бъде прекъснато електрозахранването в районите на: с. Зараево и клиенти, захранени от МТП ""Родопа 1"", МТП ""Родопа 2"" (с. Зараево), МТП ""Родопа"" и ВС ""Родопа"" /""Братя Томови""/ - общ. Попово
Публикувано на 06.08.2024 15:17"
Шумен,от 05.08.2024 г. до 09.08.2024 г. В периода 09:00 ч. до 17:00 ч.,"Поради извършване на строителни ремонти на съоръженията за доставка на електроенергия , ще бъде прекъснато електрозахранването в районите на: с. Страхилица и всички фирми, магазини, административни сгради, помпени станции на ВиК и базови станции на мобилни оператори в района
Публикувано на 31.07.2024 15:08"
Шумен,от 05.08.2024 г. до 09.08.2024 г. В периода 08:30 ч. до 16:30 ч.,"Поради извършване на неотложни ремонтни дейности на съоръженията за доставка на електроенергия , са възможни смущения на електрозахранването в районите на: с. Васил Друмево, с. Илия Р. Блъсково, с. Благово, с. Овчарово, с. Костена река, с. Кладенец и с. Друмево
Публикувано на 01.08.2024 11:15"
Шумен,от 05.08.2024 г. до 16.08.2024 г. В периода 08:00 ч. до 17:00 ч.,"Поради извършване на неотложни ремонтни дейности на съоръженията за доставка на електроенергия , са възможни смущения на електрозахранването в районите на: гр. Шумен - кв. ""Дивдядово"" - бул. ""Велики Преслав"" от № 53 до № 110; ул. ""Генчо Панайотов"" от № 1 до № 15; ул. ""Горчо Боянов""; ул. ""Дъбрава""; ул. ""Зоя Космодемянская""; ул. ""Изворна"" от № 1 до № 16; ул. ""Люлякова""; ул. ""Млада гвардия"" от № 1 до № 13; ул. ""Пейо Крачолов Яворов""; ул. ""Подуево""; ул. ""Поройна""; ул. ""Староселка""; ул. ""Щабна"" и ул. ""Явор""
Публикувано на 02.08.2024 10:45"
Шумен,от 07.08.2024 г. до 09.08.2024 г. В периода 09:00 ч. до 16:00 ч.,"Поради извършване на обслужване на съоръженията за доставка на електроенергия , ще бъде прекъснато електрозахранването в районите на: с. Браничево - ул. ""Септември"", ул. ""Дунав"", ул. ""Добри Войников"", ул. ""Рила"", ул. ""Плиска"", ул. ""Демокрация"", ул. ""Цар Калоян"", ул. ""Иван Вазов"", ул. ""Никола Вапцаров"", промишлени цехове, търговски обекти и помпени станции на ""В и К"" в този район
Публикувано на 01.08.2024 14:12"
Шумен,от 08.08.2024 г. до 09.08.2024 г. В периода 09:00 ч. до 16:30 ч.,"Поради извършване на неотложни ремонтни дейности на съоръженията за доставка на електроенергия , ще бъде прекъснато електрозахранването в районите на: с. Градище и всички фирми, магазини, административни сгради, помпени станции на ""В и К"" и базови станции на мобилни оператори в този район
Публикувано на 05.08.2024 09:49"
Шумен,На 09.08.2024 г. В периода 08:30 ч. до 17:00 ч.,"Поради извършване на неотложни ремонтни дейности на съоръженията за доставка на електроенергия , ще бъде прекъснато електрозахранването в районите на: с. Белокопитово - абонати електрозахранени от СТП ""ТКЗС"" и всички фирми, магазини, административни сгради, помпени станции на ""В и К"" и базови станции на мобилни оператори в този район
Публикувано на 05.08.2024 13:48"
Шумен,На 09.08.2024 г. В периода 12:00 ч. до 17:30 ч.,"Поради извършване на неотложни ремонтни дейности на съоръженията за доставка на електроенергия , са възможни смущения на електрозахранването в районите на: с. Хан Крум и с. Миланово
Публикувано на 05.08.2024 14:45"
